ad_id,ad_idx,real_name,role
A01,1,HHV1_VP16x2,viral_VP16
A02,2,CercAHV2_VP16x2,viral_VP16
A03,3,HS_MLLx3,human_coactivator
A04,4,JMSFV_BEL1,viral_other
A05,5,FBAHV1_VP64,viral_VP16
A06,6,CercAHV2_VP16,viral_VP16
A07,7,SFV3_BEL1,viral_other
A08,8,HHV8_VIRF2,viral_other
A09,9,SaHV1_VP16,viral_VP16
A10,10,HS_C3ORF62,human_uncharacterized
A11,11,BAHV1_ICP4-11,viral_other
A12,12,HHV8_ORF50,viral_other
A13,13,HS_FAM22F,human_uncharacterized
A14,14,HS_MASTR,human_coactivator
A15,15,CervAHV2_ICP4,viral_other
A16,16,HAVF41_E1A,viral_other
A17,17,HS_E2F2,human_TF
A18,18,HS_CITED2x4,human_coactivator
A19,19,HHV1_VP64,published_tool
A20,20,HS_P65,published_tool
A21,21,EBV_RTA,published_tool
A22,22,HS_HSF1,published_tool
A23,23,SG_GB1,folding_helper
A24,24,EC_MBP,folding_helper
A25,25,EC_TRXA,folding_helper
